<?xml version="1.0" encoding="utf-8"?>
<selector
  xmlns:android="http://schemas.android.com/apk/res/android">
    <item android:state_selected="true">
        <shape android:shape="rectangle">
            <corners android:radius="2.0dip" />
            <solid android:color="#ffcc3131" />
        </shape>
    </item>
    <item>
        <shape android:shape="rectangle">
            <corners android:radius="2.0dip" />
            <solid android:color="#ffb7b7b7" />
        </shape>
    </item>
</selector>