<?xml version="1.0" encoding="utf-8"?>
<selector xmlns:android="http://schemas.android.com/apk/res/android">

    <item android:state_pressed="true"><shape>
            <gradient android:angle="270.0" android:endColor="#ff0A63E6" android:startColor="#ff0A63E6" />

            <corners android:radius="2.0dip" />
        </shape></item>
    <item android:state_selected="true"><shape>
            <gradient android:angle="270.0" android:endColor="#ff0A63E6" android:startColor="#ff0A63E6" />

            <corners android:radius="2.0dip" />
        </shape></item>
    <item android:state_checkable="true"><shape>
            <gradient android:angle="270.0" android:endColor="#ff0A63E6" android:startColor="#ff0A63E6" />

            <corners android:radius="2.0dip" />
        </shape></item>
    <item><shape>
            <gradient android:angle="270.0" android:endColor="#00000000" android:startColor="#00000000" />

            <corners android:radius="2.0dip" />
        </shape></item>

</selector>